X,nuts3_id,nuts3,country_id,prop,catprop
25562,DE233,"Weiden i. d. Opf,Kreisfreie Stadt",DE,1,>0.7
27493,DE24D,Wunsiedel i. Fichtelgebirge,DE,1,>0.7
31569,DE401,"Brandenburg an der Havel, Kreisfreie Stadt",DE,1,>0.7
41046,DE943,"Oldenburg (Oldenburg), Kreisfreie Stadt",DE,1,>0.7
39975,DE934,Lüchow-Dannenberg,DE,0.998935688,>0.7
34066,DE713,"Offenbach am Main, Kreisfreie Stadt",DE,0.99868552,>0.7
50914,DEB36,"Neustadt an der Weinstra?e, Kreisfreie Stadt",DE,0.997523706,>0.7
25029,DE22A,Rottal-Inn,DE,0.99684726,>0.7
31028,DE27B,Ostallgäu,DE,0.996364027,>0.7
25963,DE238,"Regensburg, Landkreis",DE,0.996222494,>0.7
33136,DE40G,Spree-Neiße,DE,0.996171665,>0.7
30936,DE27A,Lindau (Bodensee),DE,0.996059795,>0.7
55639,DEE0A,Mansfeld-Südharz,DE,0.995153283,>0.7
52744,Dec-03,Neunkirchen,DE,0.99496456,>0.7
59238,DEG0E,Hildburghausen,DE,0.994712776,>0.7
6018,AT321,Lungau,AT,0.994487847,>0.7
26611,DE244,"Hof, Kreisfreie Stadt",DE,0.994231267,>0.7
31243,DE27D,Donau-Ries,DE,0.994059158,>0.7
42514,DE94H,Wittmund,DE,0.994009346,>0.7
55525,DEE09,Harz,DE,0.99400099,>0.7
59460,DEG0G,Weimarer Land,DE,0.993550647,>0.7
19087,DE12A,Calw,DE,0.993549733,>0.7
19309,DE12C,Freudenstadt,DE,0.993445109,>0.7
50596,DEB33,"Landau in der Pfalz, Kreisfreie Stadt",DE,0.993404684,>0.7
53055,Dec-06,St. Wendel,DE,0.993255022,>0.7
24611,DE226,Kelheim,DE,0.99308247,>0.7
28682,DE25C,Weißenburg-Gunzenhausen,DE,0.9923583,>0.7
46061,DEA35,Coesfeld,DE,0.992257164,>0.7
36616,DE737,Werra-Meißner-Kreis,DE,0.992099301,>0.7
41734,DE94A,Friesland (DE),DE,0.992087173,>0.7
32678,DE40C,Oder-Spree,DE,0.992009067,>0.7
26824,DE246,"Bayreuth, Landkreis",DE,0.991863834,>0.7
40167,DE936,Osterholz,DE,0.991839486,>0.7
36185,DE733,Hersfeld-Rotenburg,DE,0.991473873,>0.7
30160,DE272,"Kaufbeuren, Kreisfreie Stadt",DE,0.990974166,>0.7
48242,DEA59,Olpe,DE,0.990696143,>0.7
37293,DE80M,Nordwestmecklenburg,DE,0.990654587,>0.7
24824,DE228,"Passau, Landkreis",DE,0.990625673,>0.7
26928,DE247,"Coburg, Landkreis",DE,0.990574196,>0.7
35624,DE723,Limburg-Weilburg,DE,0.990549547,>0.7
21938,DE214,Altötting,DE,0.990445718,>0.7
53620,DED2F,Sächsische Schweiz-Osterzgebirge,DE,0.990349836,>0.7
28002,DE255,"Schwabach, Kreisfreie Stadt",DE,0.990298533,>0.7
31574,DE402,"Cottbus, Kreisfreie Stadt",DE,0.990277228,>0.7
19882,DE135,Rottweil,DE,0.990013312,>0.7
56086,DEE0E,Wittenberg,DE,0.989942375,>0.7
22041,DE215,Berchtesgadener Land,DE,0.989859731,>0.7
55747,DEE0B,Saalekreis,DE,0.989680754,>0.7
34953,DE71B,Odenwaldkreis,DE,0.989645325,>0.7
23451,DE21I,Neuburg-Schrobenhausen,DE,0.989590655,>0.7
21477,DE149,Sigmaringen,DE,0.989576923,>0.7
36511,DE736,Waldeck-Frankenberg,DE,0.989484465,>0.7
23864,DE21M,Traunstein,DE,0.989314839,>0.7
24412,DE224,Deggendorf,DE,0.98923064,>0.7
4906,AT222,Liezen,AT,0.989201975,>0.7
23548,DE21J,Pfaffenhofen a. d. Ilm,DE,0.989171886,>0.7
54665,DEE01,"Dessau-Roßlau, Kreisfreie Stadt",DE,0.989150271,>0.7
31687,DE403,"Frankfurt (Oder), Kreisfreie Stadt",DE,0.988687145,>0.7
38217,DE916,Goslar,DE,0.988563743,>0.7
22918,DE21D,Garmisch-Partenkirchen,DE,0.988323764,>0.7
46981,DEA45,Lippe,DE,0.988289562,>0.7
40276,DE937,Rotenburg (Wümme),DE,0.987961438,>0.7
3465,AT113,Südburgenland,AT,0.987956368,>0.7
57793,DEF0F,Stormarn,DE,0.987755529,>0.7
25781,DE236,Neumarkt i. d. OPf.,DE,0.987722908,>0.7
26171,DE23A,Tirschenreuth,DE,0.987659941,>0.7
38327,DE917,Helmstedt,DE,0.987615215,>0.7
38970,DE923,Hameln-Pyrmont,DE,0.987585137,>0.7
29099,DE264,"Aschaffenburg, Landkreis",DE,0.98741275,>0.7
54774,DEE02,"Halle (Saale), Kreisfreie Stadt",DE,0.987036052,>0.7
17488,DE119,Hohenlohekreis,DE,0.987030063,>0.7
53967,DED43,Mittelsachsen,DE,0.987029692,>0.7
50260,DEB24,Vulkaneifel,DE,0.986998293,>0.7
60107,DEG0M,Altenburger Land,DE,0.986961542,>0.7
40614,DE93A,Uelzen,DE,0.986905632,>0.7
45147,DEA2A,Oberbergischer Kreis,DE,0.986856504,>0.7
28982,DE263,"Würzburg, Kreisfreie Stadt",DE,0.98664967,>0.7
20455,DE13A,Waldshut,DE,0.986576716,>0.7
33366,DE40I,Uckermark,DE,0.986501865,>0.7
56430,DEF03,"Lübeck, Kreisfreie Stadt",DE,0.986318923,>0.7
44802,DEA27,Rhein-Erft-Kreis,DE,0.986260971,>0.7
38858,DE922,Diepholz,DE,0.986129386,>0.7
17599,DE11A,Schwäbisch Hall,DE,0.986092779,>0.7
53389,DED2D,Görlitz,DE,0.985970671,>0.7
31133,DE27C,Unterallgäu,DE,0.985970186,>0.7
30624,DE277,Dillingen a.d. Donau,DE,0.985899935,>0.7
58261,DEG04,"Suhl, Kreisfreie Stadt",DE,0.985813983,>0.7
51228,DEB39,"Worms, Kreisfreie Stadt",DE,0.985799318,>0.7
43307,DEA17,"Oberhausen, Kreisfreie Stadt",DE,0.985695674,>0.7
36838,DE804,"Schwerin, Kreisfreie Stadt",DE,0.985596179,>0.7
39754,DE932,Cuxhaven,DE,0.985430784,>0.7
27771,DE253,"F?rth, Kreisfreie Stadt",DE,0.98541906,>0.7
18974,DE129,"Pforzheim, Stadtkreis",DE,0.985266918,>0.7
59779,DEG0J,Saale-Holzland-Kreis,DE,0.98524893,>0.7
25241,DE22C,Dingolfing-Landau,DE,0.985138304,>0.7
29614,DE269,Miltenberg,DE,0.985134673,>0.7
49475,DEB18,Neuwied,DE,0.985100205,>0.7
28758,DE261,"Aschaffenburg, Kreisfreie Stadt",DE,0.984976849,>0.7
43527,DEA19,"Solingen, Kreisfreie Stadt",DE,0.984906627,>0.7
38549,DE919,Osterode am Harz,DE,0.984903057,>0.7
36721,DE803,"Rostock, Kreisfreie Stadt",DE,0.984752944,>0.7
41285,DE946,Ammerland,DE,0.984700769,>0.7
32113,DE407,Elbe-Elster,DE,0.984626801,>0.7
46179,DEA36,Recklinghausen,DE,0.984514851,>0.7
28304,DE258,"Fürth, Landkreis",DE,0.984434793,>0.7
19997,DE136,Schwarzwald-Baar-Kreis,DE,0.984286313,>0.7
50691,DEB34,"Ludwigshafen am Rhein, Kreisfreie Stadt",DE,0.984284808,>0.7
30521,DE276,"Augsburg, Landkreis",DE,0.984280629,>0.7
40836,DE941,"Delmenhorst, Kreisfreie Stadt",DE,0.984131956,>0.7
53736,DED41,"Chemnitz, Kreisfreie Stadt",DE,0.983894786,>0.7
24299,DE223,"Straubing, Kreisfreie Stadt",DE,0.983699584,>0.7
31342,DE27E,Oberallgäu,DE,0.983652836,>0.7
27028,DE248,Forchheim,DE,0.983531138,>0.7
25336,DE231,"Amberg, Kreisfreie Stadt",DE,0.983493837,>0.7
53272,DED2C,Bautzen,DE,0.983378036,>0.7
57910,DEG01,"Erfurt, Kreisfreie Stadt",DE,0.983369996,>0.7
56992,DEF08,Ostholstein,DE,0.983362117,>0.7
40503,DE939,Stade,DE,0.983361947,>0.7
51767,DEB3E,Germersheim,DE,0.98328627,>0.7
41508,DE948,Cloppenburg,DE,0.983134898,>0.7
42977,DEA14,"Krefeld, Kreisfreie Stadt",DE,0.983057024,>0.7
29206,DE265,Bad Kissingen,DE,0.982921985,>0.7
26266,DE241,"Bamberg, Kreisfreie Stadt",DE,0.982853493,>0.7
37066,DE80K,Landkreis Rostock,DE,0.982844015,>0.7
47574,DEA53,"Hagen, Kreisfreie Stadt",DE,0.982819741,>0.7
39304,DE927,Nienburg (Weser),DE,0.982789484,>0.7
35732,DE724,Marburg-Biedenkopf,DE,0.982653934,>0.7
59565,DEG0H,Sonneberg,DE,0.982591541,>0.7
55085,DEE05,Anhalt-Bitterfeld,DE,0.982510672,>0.7
20797,DE143,Zollernalbkreis,DE,0.98249898,>0.7
17370,DE118,"Heilbronn, Landkreis",DE,0.982423085,>0.7
33596,DE502,"Bremerhaven, Kreisfreie Stadt",DE,0.982299566,>0.7
58693,DEG09,Unstrut-Hainich-Kreis,DE,0.982273649,>0.7
60322,DEG0P,Wartburgkreis,DE,0.982270439,>0.7
30309,DE274,"Memmingen, Kreisfreie Stadt",DE,0.982169248,>0.7
53505,DED2E,Meißen,DE,0.982129075,>0.7
47904,DEA56,Ennepe-Ruhr-Kreis,DE,0.982106007,>0.7
55005,DEE04,Altmarkkreis Salzwedel,DE,0.981931818,>0.7
27123,DE249,"Hof, Landkreis",DE,0.981923595,>0.7
56197,DEF01,"Flensburg, Kreisfreie Stadt",DE,0.981856562,>0.7
49041,DEB14,Bad Kreuznach,DE,0.981855311,>0.7
40938,DE942,"Emden, Kreisfreie Stadt",DE,0.981853581,>0.7
55194,DEE06,Jerichower Land,DE,0.981503227,>0.7
32570,DE40B,Oberspreewald-Lausitz,DE,0.981356973,>0.7
37756,DE912,"Salzgitter, Kreisfreie Stadt",DE,0.981331125,>0.7
44216,DEA1F,Wesel,DE,0.981292097,>0.7
54435,DED52,Leipzig,DE,0.98116761,>0.7
35950,DE731,"Kassel, Kreisfreie Stadt",DE,0.981052543,>0.7
55416,DEE08,Burgenlandkreis,DE,0.980784927,>0.7
30711,DE278,Günzburg,DE,0.980746504,>0.7
48129,DEA58,Märkischer Kreis,DE,0.980683936,>0.7
24189,DE222,"Passau, Kreisfreie Stadt",DE,0.980680004,>0.7
23238,DE21G,Mühldorf a. Inn,DE,0.980670985,>0.7
47685,DEA54,"Hamm, Kreisfreie Stadt",DE,0.980534354,>0.7
59346,DEG0F,Ilm-Kreis,DE,0.980509611,>0.7
26723,DE245,"Bamberg, Landkreis",DE,0.980317753,>0.7
25670,DE235,Cham,DE,0.980067887,>0.7
27312,DE24B,Kulmbach,DE,0.980040561,>0.7
47215,DEA47,Paderborn,DE,0.980016371,>0.7
26064,DE239,Schwandorf,DE,0.979938874,>0.7
5685,AT313,Mühlviertel,AT,0.979819709,>0.7
58903,DEG0B,Schmalkalden-Meiningen,DE,0.979672678,>0.7
28871,DE262,"Schweinfurt, Kreisfreie Stadt",DE,0.979614746,>0.7
24080,DE221,"Landshut, Kreisfreie Stadt",DE,0.979602482,>0.7
51984,DEB3G,Kusel,DE,0.979420723,>0.7
54887,DEE03,"Magdeburg, Kreisfreie Stadt",DE,0.979399278,>0.7
48017,DEA57,Hochsauerlandkreis,DE,0.979343963,>0.7
52952,Dec-05,Saarpfalz-Kreis,DE,0.979129841,>0.7
25862,DE237,Neustadt a. d. Waldnaab,DE,0.979060636,>0.7
28105,DE256,"Ansbach, Landkreis",DE,0.979006102,>0.7
35286,DE71E,Wetteraukreis,DE,0.978992593,>0.7
26495,DE243,"Coburg, Kreisfreie Stadt",DE,0.978971471,>0.7
5350,AT226,Westliche Obersteiermark,AT,0.978911367,>0.7
26382,DE242,"Bayreuth, Kreisfreie Stadt",DE,0.978865415,>0.7
54083,DED44,Vogtlandkreis,DE,0.97884006,>0.7
45605,DEA31,"Bottrop, Kreisfreie Stadt",DE,0.978824451,>0.7
51440,DEB3B,Alzey-Worms,DE,0.978815434,>0.7
59999,DEG0L,Greiz,DE,0.978800052,>0.7
31996,DE406,Dahme-Spreewald,DE,0.978798427,>0.7
48583,DEA5C,Unna,DE,0.978745302,>0.7
52086,DEB3H,Südliche Weinstraße,DE,0.978702766,>0.7
31884,DE405,Barnim,DE,0.978513079,>0.7
20111,DE137,Tuttlingen,DE,0.978256694,>0.7
48356,DEA5A,Siegen-Wittgenstein,DE,0.978219215,>0.7
47098,DEA46,Minden-Lübbecke,DE,0.978216004,>0.7
43092,DEA15,"Mönchengladbach, Kreisfreie Stadt",DE,0.977922642,>0.7
46292,DEA37,Steinfurt,DE,0.977894609,>0.7
34728,DE719,Main-Kinzig-Kreis,DE,0.977722841,>0.7
55302,DEE07,Börde,DE,0.97770005,>0.7
22466,DE219,Eichstätt,DE,0.977394227,>0.7
54549,DED53,Nordsachsen,DE,0.977278455,>0.7
57220,DEF0A,Plön,DE,0.97705913,>0.7
28583,DE25B,Roth,DE,0.977022294,>0.7
39640,DE931,Celle,DE,0.976918228,>0.7
22353,DE218,Ebersberg,DE,0.976897564,>0.7
56313,DEF02,"Kiel, Kreisfreie Stadt",DE,0.976868961,>0.7
36285,DE734,"Kassel, Landkreis",DE,0.976854081,>0.7
59128,DEG0D,Sömmerda,DE,0.9767468,>0.7
30266,DE273,"Kempten (Allgäu), Kreisfreie Stadt",DE,0.976744186,>0.7
16908,DE114,Göppingen,DE,0.976624646,>0.7
44573,DEA24,"Leverkusen, Kreisfreie Stadt",DE,0.976523643,>0.7
28387,DE259,Nürnberger Land,DE,0.976351613,>0.7
45488,DEA2D,Städteregion Aachen,DE,0.976226499,>0.7
41059,DE944,"Osnabrück, Kreisfreie Stadt",DE,0.975785998,>0.7
19767,DE134,Ortenaukreis,DE,0.975603434,>0.7
44452,DEA23,"Köln, Kreisfreie Stadt",DE,0.975550151,>0.7
60214,DEG0N,"Eisenach, Kreisfreie Stadt",DE,0.975547339,>0.7
58367,DEG05,"Weimar, Kreisfreie Stadt",DE,0.975467629,>0.7
42740,DEA12,"Duisburg, Kreisfreie Stadt",DE,0.975301135,>0.7
18405,DE124,Rastatt,DE,0.97528245,>0.7
48699,DEB11,"Koblenz, Kreisfreie Stadt",DE,0.975242127,>0.7
20340,DE139,Lörrach,DE,0.975226136,>0.7
43208,DEA16,"Mülheim an der Ruhr,Kreisfreie Stadt",DE,0.975195346,>0.7
44916,DEA28,Euskirchen,DE,0.975158029,>0.7
24524,DE225,Freyung-Grafenau,DE,0.975084416,>0.7
39197,DE926,Holzminden,DE,0.975068422,>0.7
19419,DE131,"Freiburg im Breisgau, Stadtkreis",DE,0.9748873,>0.7
45257,DEA2B,Rheinisch-Bergischer Kreis,DE,0.974879069,>0.7
46409,DEA38,Warendorf,DE,0.974811559,>0.7
43419,DEA18,"Remscheid, Kreisfreie Stadt",DE,0.974755291,>0.7
3793,AT123,Sankt Pölten,AT,0.974590101,>0.7
43634,DEA1A,"Wuppertal, Kreisfreie Stadt",DE,0.974261264,>0.7
40055,DE935,"Lüneburg, Landkreis",DE,0.974201679,>0.7
57563,DEF0D,Segeberg,DE,0.974199232,>0.7
21362,DE148,Ravensburg,DE,0.974078185,>0.7
37406,DE80N,Vorpommern-Greifswald,DE,0.973888772,>0.7
22576,DE21A,Erding,DE,0.973854437,>0.7
17253,DE117,"Heilbronn, Stadtkreis",DE,0.973788477,>0.7
47453,DEA52,"Dortmund, Kreisfreie Stadt",DE,0.973628076,>0.7
48816,DEB12,Ahrweiler,DE,0.973566792,>0.7
53853,DED42,Erzgebirgskreis,DE,0.973430364,>0.7
49586,DEB19,Rhein-Hunsrück-Kreis,DE,0.973415264,>0.7
52315,DEB3J,Mainz-Bingen,DE,0.973290858,>0.7
55975,DEE0D,Stendal,DE,0.973208467,>0.7
46873,DEA44,Höxter,DE,0.973142046,>0.7
22142,DE216,Bad Tölz-Wolfratshausen,DE,0.973136929,>0.7
33023,DE40F,Prignitz,DE,0.97307238,>0.7
22802,DE21C,Fürstenfeldbruck,DE,0.973067174,>0.7
20224,DE138,Konstanz,DE,0.972908519,>0.7
49259,DEB16,Cochem-Zell,DE,0.972809362,>0.7
35398,DE721,"Gießen, Landkreis",DE,0.972726768,>0.7
18859,DE128,Rhein-Neckar-Kreis,DE,0.972685386,>0.7
33949,DE712,"Frankfurt am Main, Kreisfreie Stadt",DE,0.972667784,>0.7
29832,DE26B,"Schweinfurt, Landkreis",DE,0.972533809,>0.7
23641,DE21K,"Rosenheim, Landkreis",DE,0.972431295,>0.7
56657,DEF05,Dithmarschen,DE,0.972414864,>0.7
45716,DEA32,"Gelsenkirchen, Kreisfreie Stadt",DE,0.972342915,>0.7
17940,DE11D,Ostalbkreis,DE,0.972126163,>0.7
17138,DE116,Rems-Murr-Kreis,DE,0.972049354,>0.7
37638,DE911,"Braunschweig, Kreisfreie Stadt",DE,0.971972957,>0.7
58584,DEG07,Nordhausen,DE,0.971815754,>0.7
17827,DE11C,Heidenheim,DE,0.971797781,>0.7
46758,DEA43,Herford,DE,0.971690508,>0.7
21826,DE213,"Rosenheim, Kreisfreie Stadt",DE,0.971688714,>0.7
35058,DE71C,"Offenbach, Landkreis",DE,0.971605995,>0.7
21025,DE145,Alb-Donau-Kreis,DE,0.971600654,>0.7
29935,DE26C,"Würzburg, Landkreis",DE,0.97157252,>0.7
17022,DE115,Ludwigsburg,DE,0.971459157,>0.7
25128,DE22B,Straubing-Bogen,DE,0.9713308,>0.7
35843,DE725,Vogelsbergkreis,DE,0.971324023,>0.7
34279,DE715,Bergstraße,DE,0.97129395,>0.7
35510,DE722,Lahn-Dill-Kreis,DE,0.970835515,>0.7
54316,DED51,"Leipzig, Kreisfreie Stadt",DE,0.970805987,>0.7
29311,DE266,Rhön-Grabfeld,DE,0.970664319,>0.7
54199,DED45,Zwickau,DE,0.97057942,>0.7
6668,AT334,Tiroler Oberland,AT,0.970448289,>0.7
42290,DE94F,Vechta,DE,0.970303648,>0.7
32791,DE40D,Ostprignitz-Ruppin,DE,0.970250031,>0.7
33476,DE501,"Bremen, Kreisfreie Stadt",DE,0.970137384,>0.7
38638,DE91A,Peine,DE,0.970061724,>0.7
30044,DE271,"Augsburg, Kreisfreie Stadt",DE,0.969983678,>0.7
33829,DE711,"Darmstadt, Kreisfreie Stadt",DE,0.969974762,>0.7
38747,DE91B,Wolfenbüttel,DE,0.96982162,>0.7
58477,DEG06,Eichsfeld,DE,0.969800014,>0.7
58143,DEG03,"Jena, Kreisfreie Stadt",DE,0.969543354,>0.7
52840,Dec-04,Saarlouis,DE,0.969463659,>0.7
19197,DE12B,Enzkreis,DE,0.969363296,>0.7
28206,DE257,Erlangen-Höchstadt,DE,0.969328055,>0.7
36068,DE732,Fulda,DE,0.969183832,>0.7
30825,DE279,Neu-Ulm,DE,0.969017206,>0.7
47335,DEA51,"Bochum, Kreisfreie Stadt",DE,0.968993753,>0.7
56881,DEF07,Nordfriesland,DE,0.968982684,>0.7
36400,DE735,Schwalm-Eder-Kreis,DE,0.968854546,>0.7
5124,AT224,Oststeiermark,AT,0.968792755,>0.7
50798,DEB35,"Mainz, Kreisfreie Stadt",DE,0.968435369,>0.7
33248,DE40H,Teltow-Fläming,DE,0.968252879,>0.7
43983,DEA1D,Rhein-Kreis Neuss,DE,0.967880279,>0.7
25572,DE234,Amberg-Sulzbach,DE,0.967778677,>0.7
42063,DE94D,"Oldenburg, Landkreis",DE,0.967730324,>0.7
3260,AT111,Mittelburgenland,AT,0.967517458,>0.7
38098,DE915,Göttingen,DE,0.967512889,>0.7
49805,DEB1B,Westerwaldkreis,DE,0.967344238,>0.7
42177,DE94E,"Osnabrück, Landkreis",DE,0.967305965,>0.7
52203,DEB3I,Rhein-Pfalz-Kreis,DE,0.96729984,>0.7
39863,DE933,Harburg,DE,0.967189847,>0.7
35177,DE71D,Rheingau-Taunus-Kreis,DE,0.966931044,>0.7
51121,DEB38,"Speyer, Kreisfreie Stadt",DE,0.966747436,>0.7
21137,DE146,Biberach,DE,0.966645052,>0.7
39520,DE929,Region Hannover,DE,0.966148489,>0.7
56544,DEF04,"Neumünster, Kreisfreie Stadt",DE,0.966114209,>0.7
37182,DE80L,Vorpommern-Rügen,DE,0.965905449,>0.7
32905,DE40E,Potsdam-Mittelmark,DE,0.965873729,>0.7
41842,DE94B,Grafschaft Bentheim,DE,0.965669221,>0.7
43865,DEA1C,Mettmann,DE,0.965561206,>0.7
24714,DE227,"Landshut, Landkreis",DE,0.965449206,>0.7
4681,AT213,Unterkärnten,AT,0.965399739,>0.7
37868,DE913,"Wolfsburg, Kreisfreie Stadt",DE,0.965328101,>0.7
17711,DE11B,Main-Tauber-Kreis,DE,0.964917335,>0.7
18289,DE123,"Karlsruhe, Landkreis",DE,0.964569598,>0.7
46524,DEA41,"Bielefeld, Kreisfreie Stadt",DE,0.964525978,>0.7
51015,DEB37,"Pirmasens, Kreisfreie Stadt",DE,0.964372617,>0.7
36948,DE80J,Mecklenburgische Seenplatte,DE,0.964142537,>0.7
59013,DEG0C,Gotha,DE,0.963940988,>0.7
45948,DEA34,Borken,DE,0.963939226,>0.7
46644,DEA42,Gütersloh,DE,0.96386835,>0.7
45035,DEA29,Heinsberg,DE,0.96376549,>0.7
6769,AT335,Tiroler Unterland,AT,0.963755423,>0.7
49695,DEB1A,Rhein-Lahn-Kreis,DE,0.963701218,>0.7
41178,DE945,"Wilhelmshaven, Kreisfreie Stadt",DE,0.963453134,>0.7
27418,DE24C,Lichtenfels,DE,0.963301045,>0.7
45831,DEA33,"Münster, Kreisfreie Stadt",DE,0.963106278,>0.7
53152,DED21,"Dresden, Kreisfreie Stadt",DE,0.962759567,>0.7
25445,DE232,"Regensburg, Kreisfreie Stadt",DE,0.962577529,>0.7
43752,DEA1B,Kleve,DE,0.96234821,>0.7
21248,DE147,Bodenseekreis,DE,0.962072244,>0.7
18057,DE121,"Baden-Baden, Stadtkreis",DE,0.962050466,>0.7
52526,Dec-01,Regionalverband Saarbrücken,DE,0.961420902,>0.7
27656,DE252,"Erlangen, Kreisfreie Stadt",DE,0.961056179,>0.7
27884,DE254,"Nürnberg, Kreisfreie Stadt",DE,0.961050882,>0.7
50366,DEB25,Trier-Saarburg,DE,0.960727404,>0.7
38437,DE918,Northeim,DE,0.960291561,>0.7
32453,DE40A,Oberhavel,DE,0.960217221,>0.7
23125,DE21F,Miesbach,DE,0.960030351,>0.7
57445,DEF0C,Schleswig-Flensburg,DE,0.959923559,>0.7
51337,DEB3A,"Zweibrücken, Kreisfreie Stadt",DE,0.959477105,>0.7
48469,DEA5B,Soest,DE,0.959455918,>0.7
16793,DE113,Esslingen,DE,0.958735316,>0.7
58026,DEG02,"Gera, Kreisfreie Stadt",DE,0.958217593,>0.7
50481,DEB32,"Kaiserslautern, Kreisfreie Stadt",DE,0.958202877,>0.7
59891,DEG0K,Saale-Orla-Kreis,DE,0.957738132,>0.7
45371,DEA2C,Rhein-Sieg-Kreis,DE,0.957723122,>0.7
20910,DE144,"Ulm, Stadtkreis",DE,0.957281545,>0.7
19658,DE133,Emmendingen,DE,0.957168495,>0.7
34623,DE718,Hochtaunuskreis,DE,0.957063947,>0.7
44332,DEA22,"Bonn, Kreisfreie Stadt",DE,0.956993854,>0.7
20684,DE142,"Tübingen, Landkreis",DE,0.956579713,>0.7
24925,DE229,Regen,DE,0.956523705,>0.7
18747,DE127,Neckar-Odenwald-Kreis,DE,0.95623318,>0.7
29726,DE26A,Main-Spessart,DE,0.956113131,>0.7
3572,AT121,Mostviertel-Eisenwurzen,AT,0.955839804,>0.7
34841,DE71A,Main-Taunus-Kreis,DE,0.955673543,>0.7
34163,DE714,"Wiesbaden, Kreisfreie Stadt",DE,0.955513195,>0.7
20566,DE141,Reutlingen,DE,0.955189134,>0.7
22688,DE21B,Freising,DE,0.954882181,>0.7
57105,DEF09,Pinneberg,DE,0.95452328,>0.7
18172,DE122,"Karlsruhe, Stadtkreis",DE,0.954174005,>0.7
57679,DEF0E,Steinburg,DE,0.953973624,>0.7
51550,DEB3C,Bad Dürkheim,DE,0.953897136,>0.7
16559,DE111,"Stuttgart, Stadtkreis",DE,0.953476753,>0.7
23753,DE21L,Starnberg,DE,0.953345879,>0.7
16679,DE112,Böblingen,DE,0.952889181,>0.7
27218,DE24A,Kronach,DE,0.952859202,>0.7
55863,DEE0C,Salzlandkreis,DE,0.952595052,>0.7
6225,AT323,Salzburg und Umgebung,AT,0.952407997,>0.7
27546,DE251,"Ansbach, Kreisfreie Stadt",DE,0.952284642,>0.7
30419,DE275,Aichach-Friedberg,DE,0.951887473,>0.7
44686,DEA26,Düren,DE,0.951809195,>0.7
4578,AT212,Oberkärnten,AT,0.951202487,>0.7
47796,DEA55,"Herne, Kreisfreie Stadt",DE,0.950141654,>0.7
3681,AT122,Niederösterreich-Süd,AT,0.949246891,>0.7
32221,DE408,Havelland,DE,0.949209078,>0.7
42859,DEA13,"Essen, Kreisfreie Stadt",DE,0.948821601,>0.7
22241,DE217,Dachau,DE,0.948353605,>0.7
57331,DEF0B,Rendsburg-Eckernförde,DE,0.948251012,>0.7
44101,DEA1E,Viersen,DE,0.948044057,>0.7
32336,DE409,Märkisch-Oderland,DE,0.947973307,>0.7
59666,DEG0I,Saalfeld-Rudolstadt,DE,0.947017806,>0.7
5014,AT223,Östliche Obersteiermark,AT,0.94690458,>0.7
29407,DE267,Haßberge,DE,0.946626124,>0.7
21590,DE211,"Ingolstadt, Kreisfreie Stadt",DE,0.946244812,>0.7
56770,DEF06,Herzogtum Lauenburg,DE,0.945703533,>0.7
4117,AT126,Wiener Umland/Nordteil,AT,0.945257996,>0.7
33709,DE600,Hamburg,DE,0.944863504,>0.7
18517,DE125,"Heidelberg, Stadtkreis",DE,0.944478486,>0.7
51659,DEB3D,Donnersbergkreis,DE,0.943411896,>0.7
58799,DEG0A,Kyffhäuserkreis,DE,0.943007346,>0.7
34395,DE716,Darmstadt-Dieburg,DE,0.942646655,>0.7
23335,DE21H,"München, Landkreis",DE,0.942630393,>0.7
6996,AT342,Rheintal-Bodenseegebiet,AT,0.942497082,>0.7
31763,DE404,"Potsdam, Kreisfreie Stadt",DE,0.941641339,>0.7
18631,DE126,"Mannheim, Stadtkreis",DE,0.9412061,>0.7
28491,DE25A,Neustadt a. d. Aisch-Bad Windsheim,DE,0.940873886,>0.7
34508,DE717,Groß-Gerau,DE,0.939071584,>0.7
41620,DE949,Emsland,DE,0.938119806,>0.7
5452,AT311,Innviertel,AT,0.937615845,>0.7
23020,DE21E,Landsberg am Lech,DE,0.937545488,>0.7
6448,AT332,Innsbruck,AT,0.937534854,>0.7
5796,AT314,Steyr-Kirchdorf,AT,0.937240183,>0.7
42620,DEA11,"Düsseldorf, Kreisfreie Stadt",DE,0.937238539,>0.7
41950,DE94C,Leer,DE,0.93523365,>0.7
49917,DEB21,"Trier, Kreisfreie Stadt",DE,0.934954021,>0.7
40722,DE93B,Verden,DE,0.930263234,>0.7
5566,AT312,Linz-Wels,AT,0.929405685,>0.7
49155,DEB15,Birkenfeld,DE,0.929223712,>0.7
6564,AT333,Osttirol,AT,0.927074187,>0.7
4343,AT130,Wien,AT,0.925608328,>0.7
41394,DE947,Aurich,DE,0.9239913,>0.7
4011,AT125,Weinviertel,AT,0.923076833,>0.7
29507,DE268,Kitzingen,DE,0.922652772,>0.7
42403,DE94G,Wesermarsch,DE,0.920937967,>0.7
4789,AT221,Graz,AT,0.920746588,>0.7
21705,DE212,"München, Kreisfreie Stadt",DE,0.920398593,>0.7
31447,DE300,Berlin,DE,0.919313039,>0.7
52424,DEB3K,Südwestpfalz,DE,0.917559685,>0.7
48928,DEB13,Altenkirchen (Westerwald),DE,0.916372579,>0.7
39082,DE925,Hildesheim,DE,0.911256068,>0.7
4228,AT127,Wiener Umland/Südteil,AT,0.908920706,>0.7
23975,DE21N,Weilheim-Schongau,DE,0.908416313,>0.7
4464,AT211,Klagenfurt-Villach,AT,0.907576161,>0.7
39409,DE928,Schaumburg,DE,0.900657995,>0.7
5903,AT315,Traunviertel,AT,0.89476508,>0.7
51877,DEB3F,"Kaiserslautern, Landkreis",DE,0.889637052,>0.7
49363,DEB17,Mayen-Koblenz,DE,0.889051562,>0.7
50146,DEB23,Eifelkreis Bitburg-Prüm,DE,0.885705614,>0.7
37522,DE80O,Ludwigslust-Parchim,DE,0.885099634,>0.7
3899,AT124,Waldviertel,AT,0.876892891,>0.7
6114,AT322,Pinzgau-Pongau,AT,0.859068199,>0.7
3350,AT112,Nordburgenland,AT,0.856432099,>0.7
52640,Dec-02,Merzig-Wadern,DE,0.853556505,>0.7
6344,AT331,Außerfern,AT,0.85161442,>0.7
19538,DE132,Breisgau-Hochschwarzwald,DE,0.831728289,>0.7
6886,AT341,Bludenz-Bregenzer Wald,AT,0.827568169,>0.7
37983,DE914,Gifhorn,DE,0.81188951,>0.7
5237,AT225,West- und Südsteiermark,AT,0.731310897,>0.7
50031,DEB22,Bernkastel-Wittlich,DE,0.713969865,>0.7
40388,DE938,Heidekreis,DE,0.700179205,>0.7
10993,BE336,Bezirk Verviers - Deutschsprachige Gemeinschaft,BE,0.334748033,>0.3
63160,EL431,Ηράκλειο (Irakleio),EL,0.29917452,>0.2
13312,BG341,Бургас (Burgas),BG,0.266281331,>0.2
148869,UKN01,Belfast,UK,0.249261865,>0.2
66145,EL653,"Λακωνία, Μεσσηνία (Lakonia, Messinia)",EL,0.230719824,>0.2
65889,EL644,Φθιώτιδα (Fthiotida),EL,0.219005848,>0.2
10873,BE335,Arr. Verviers - communes francophones,BE,0.209240022,>0.2
121901,RO123,Covasna,RO,0.194275256,>0.1
7232,BE211,Arr. Antwerpen,BE,0.176583514,>0.1
11661,BE352,Arr. Namur,BE,0.173249525,>0.1
64378,EL527,Χαλκιδική (Chalkidiki),EL,0.170358107,>0.1
98746,ITH10,Bolzano-Bozen,IT,0.162713353,>0.1
105382,MT002,Gozo and Comino / Għawdex u Kemmuna,MT,0.152010716,>0.1
104486,LU000,Luxembourg,LU,0.145138842,>0.1
135669,UKG13,Warwickshire,UK,0.143939151,>0.1
118320,PT112,Cávado,PT,0.13003649,>0.1
14726,BG425,Кърджали (Kardzhali),BG,0.128370892,>0.1
65959,EL651,"Αργολίδα, Αρκαδία (Argolida, Arkadia)",EL,0.127032514,>0.1
11959,BG312,Монтана (Montana),BG,0.126675114,>0.1
65612,EL633,Ηλεία (Ileia),EL,0.117998975,>0.1
64167,EL524,Πέλλα (Pella),EL,0.116486118,>0.1
129401,SK031,Žilinský kraj,SK,0.116478562,>0.1
109319,NL412,Midden-Noord-Brabant,NL,0.116039097,>0.1
13863,BG412,София (Sofia),BG,0.109208775,>0.1
79205,FR432,Jura,FR,0.107739587,>0.1
8591,BE241,Arr. Halle-Vilvoorde,BE,0.102942845,>0.1
120939,PT300,Região Autónoma da Madeira,PT,0.100777145,>0.1
90017,HU312,Heves,HU,0.100231848,>0.1
119118,PT150,Algarve,PT,0.096071634,>0.09
65508,EL632,Αχαΐα (Achaia),EL,0.095832077,>0.09
102914,ITI41,Viterbo,IT,0.093631058,>0.09
119910,PT16I,Médio Tejo,PT,0.09350341,>0.09
122617,RO214,Neamţ,RO,0.092132325,>0.09
10668,BE332,Arr. Liège,BE,0.091408961,>0.09
1,,,AT,0.08881348,>0.08
9715,BE310,Arr. Nivelles,BE,0.087120289,>0.08
129865,UKC11,Hartlepool and Stockton-on-Tees,UK,0.085253014,>0.08
7112,BE100,Arr. de Bruxelles-Capitale / Arr. van Brussel-Hoofdstad,BE,0.083633165,>0.08
109672,NL421,Noord-Limburg,NL,0.083497968,>0.08
105784,NL121,Noord-Friesland,NL,0.080906313,>0.08
127656,SI031,Pomurska,SI,0.078466795,>0.07
11774,BE353,Arr. Philippeville,BE,0.077656615,>0.07
128727,SI043,Goriška,SI,0.07375639,>0.07
10784,BE334,Arr. Waremme,BE,0.071907125,>0.07
13634,BG344,Стара Загора (Stara Zagora),BG,0.068633049,>0.06
120024,PT16J,Beiras e Serra da Estrela,PT,0.0670943,>0.06
105899,NL122,Zuidwest-Friesland,NL,0.065908416,>0.06
10261,BE325,Arr. Soignies,BE,0.065717863,>0.06
63059,EL422,"Άνδρος, Θήρα, Κέα, Μήλος, Μύκονος, Νάξος, Πάρος, Σύρος, Τήνος (Andros, Thira, Kea, Milos, Mykonos, Naxos, Paros,  Syros, Tinos)",EL,0.065389139,>0.06
10570,BE331,Arr. Huy,BE,0.065010411,>0.06
69216,ES424,Guadalajara,ES,0.063365388,>0.06
89572,HU231,Baranya,HU,0.062255472,>0.06
105668,NL113,Overig Groningen,NL,0.062128794,>0.06
149105,UKN03,East of Northern Ireland,UK,0.061876228,>0.06
7693,BE222,Arr. Maaseik,BE,0.061875973,>0.06
61779,EE004,Lääne-Eesti,EE,0.059644023,>0.05
76307,FR223,Somme,FR,0.059150666,>0.05
11192,BE342,Arr. Bastogne,BE,0.058324254,>0.05
121673,RO121,Alba,RO,0.058155493,>0.05
97865,ITG19,Siracusa,IT,0.057282508,>0.05
63450,EL434,Χανιά (Chania),EL,0.057204726,>0.05
12993,BG332,Добрич (Dobrich),BG,0.056655276,>0.05
109554,NL414,Zuidoost-Noord-Brabant,NL,0.05628231,>0.05
125087,RO424,Timiş,RO,0.056249214,>0.05
124108,RO317,Teleorman,RO,0.054759218,>0.05
62081,EE008,Lõuna-Eesti,EE,0.054640936,>0.05
141019,UKI74,Harrow and Hillingdon,UK,0.054381429,>0.05
10370,BE326,Arr. Thuin,BE,0.054047426,>0.05
119236,PT16B,Oeste,PT,0.053758982,>0.05
11564,BE351,Arr. Dinant,BE,0.053598547,>0.05
106346,NL133,Zuidwest-Drenthe,NL,0.052698586,>0.05
115700,PL431,Gorzowski,PL,0.052150915,>0.05
11089,BE341,Arr. Arlon,BE,0.052148852,>0.05
89682,HU232,Somogy,HU,0.051742262,>0.05
98283,ITG28,Oristano,IT,0.050209733,>0.05
65409,EL631,Αιτωλοακαρνανία (Aitoloakarnania),EL,0.050049691,>0.05
65206,EL622,Κέρκυρα (Kerkyra),EL,0.048577613,>0.04
78972,FR422,Haut-Rhin,FR,0.048439935,>0.04
66065,EL652,Κορινθία (Korinthia),EL,0.048346901,>0.04
115244,PL424,Miasto Szczecin,PL,0.047873368,>0.04
8249,BE234,Arr. Gent,BE,0.046958333,>0.04
107498,NL321,Kop van Noord-Holland,NL,0.046933935,>0.04
89456,HU223,Zala,HU,0.046733876,>0.04
10463,BE327,Arr. Tournai,BE,0.046479043,>0.04
87798,HR047,Bjelovarsko-bilogorska županija,HR,0.045859638,>0.04
89343,HU222,Vas,HU,0.045242369,>0.04
8708,BE242,Arr. Leuven,BE,0.045208837,>0.04
11369,BE344,Arr. Neufchâteau,BE,0.044780281,>0.04
78852,FR421,Bas-Rhin,FR,0.04458482,>0.04
8366,BE235,Arr. Oudenaarde,BE,0.043536587,>0.04
7806,BE223,Arr. Tongeren,BE,0.043304175,>0.04
11288,BE343,Arr. Marche-en-Famenne,BE,0.043247213,>0.04
121789,RO122,Braşov,RO,0.043179577,>0.04
118773,PT11C,Tâmega e Sousa,PT,0.042153715,>0.04
97132,ITG12,Palermo,IT,0.041847534,>0.04
14842,CY000,Κύπρος (Kypros),CY,0.041507297,>0.04
78619,FR413,Moselle,FR,0.040790795,>0.04
96331,ITF51,Potenza,IT,0.040787975,>0.04
140094,UKI53,Redbridge and Waltham Forest,UK,0.040542265,>0.04
96647,ITF62,Crotone,IT,0.040445018,>0.04
9827,BE321,Arr. Ath,BE,0.040223966,>0.04
122082,RO125,Mureş,RO,0.040087774,>0.04
7576,BE221,Arr. Hasselt,BE,0.039967239,>0.03
10053,BE323,Arr. Mons,BE,0.03996587,>0.03
98483,ITG2A,Ogliastra,IT,0.039630552,>0.03
116617,PL524,Opolski,PL,0.039586147,>0.03
89229,HU221,Győr-Moson-Sopron,HU,0.03949748,>0.03
81291,FR613,Landes,FR,0.039446928,>0.03
9932,BE322,Arr. Charleroi,BE,0.039254758,>0.03
118555,PT11A,Área Metropolitana do Porto,PT,0.038298039,>0.03
89800,HU233,Tolna,HU,0.037292844,>0.03
89904,HU311,Borsod-Abaúj-Zemplén,HU,0.037206723,>0.03
72304,ES706,La Gomera,ES,0.037061995,>0.03
90793,HU333,Csongrád,HU,0.037056609,>0.03
64704,EL542,Θεσπρωτία (Thesprotia),EL,0.036764706,>0.03
90576,HU331,Bács-Kiskun,HU,0.036624621,>0.03
102501,ITI32,Ancona,IT,0.036611457,>0.03
109436,NL413,Noordoost-Noord-Brabant,NL,0.03650536,>0.03
90240,HU321,Hajdú-Bihar,HU,0.035605365,>0.03
64933,EL612,Λάρισα (Larisa),EL,0.035113853,>0.03
7349,BE212,Arr. Mechelen,BE,0.034691238,>0.03
108058,NL326,Groot-Amsterdam,NL,0.033825641,>0.03
10153,BE324,Arr. Mouscron,BE,0.033719187,>0.03
77929,FR263,Saône-et-Loire,FR,0.033695317,>0.03
122196,RO126,Sibiu,RO,0.032987168,>0.03
116732,PL613,Bydgosko-toruński,PL,0.032855574,>0.03
122507,RO213,Iaşi,RO,0.03270196,>0.03
80826,FR533,Deux-Sèvres,FR,0.032655233,>0.03
120267,PT181,Alentejo Litoral,PT,0.032385362,>0.03
63856,EL515,"Θάσος, Καβάλα (Thasos, Kavala)",EL,0.032349093,>0.03
11471,BE345,Arr. Virton,BE,0.032287195,>0.03
7462,BE213,Arr. Turnhout,BE,0.032231985,>0.03
147997,UKM38,South Lanarkshire,UK,0.03209386,>0.03
90904,HU999,Budapest ker,HU,0.032079365,>0.03
106916,NL224,Zuidwest-Gelderland,NL,0.031850901,>0.03
63350,EL433,Ρεθύμνη (Rethymni),EL,0.031623558,>0.03
72968,FI196,Satakunta,FI,0.03153224,>0.03
9277,BE255,Arr. Oostende,BE,0.031436227,>0.03
98178,ITG27,Cagliari,IT,0.031356896,>0.03
88770,HU102,Pest,HU,0.031180119,>0.03
134743,UKF16,South Nottinghamshire,UK,0.030813948,>0.03
13745,BG411,София (столица) (Sofia (stolitsa)),BG,0.03037559,>0.03
114327,PL344,Łomżyński,PL,0.030290438,>0.03
118205,PT111,Alto Minho,PT,0.030093351,>0.03
114783,PL415,Miasto Poznań,PL,0.029975431,>0.02
114668,PL414,Koniński,PL,0.029804069,>0.02
109904,NL423,Zuid-Limburg,NL,0.029800343,>0.02
113096,PL311,Bialski,PL,0.029762354,>0.02
130322,UKC21,Northumberland,UK,0.029473108,>0.02
9160,BE254,Arr. Kortrijk,BE,0.029450787,>0.02
66684,ES120,Asturias,ES,0.029305792,>0.02
89115,HU213,Veszprém,HU,0.028673394,>0.02
8824,BE251,Arr. Brugge,BE,0.028460558,>0.02
120144,PT170,Área Metropolitana de Lisboa,PT,0.027328359,>0.02
115814,PL432,Zielonogórski,PL,0.027322644,>0.02
117756,PL634,Gdański,PL,0.027196635,>0.02
98653,ITG2C,Carbonia-Iglesias,IT,0.027189484,>0.02
14087,BG414,Перник (Pernik),BG,0.026976822,>0.02
139084,UKI33,Kensington & Chelsea and Hammersmith & Fulham,UK,0.026952524,>0.02
114441,PL345,Suwalski,PL,0.026770149,>0.02
99635,ITH37,Rovigo,IT,0.026692963,>0.02
14395,BG422,Хасково (Haskovo),BG,0.026533478,>0.02
114898,PL416,Kaliski,PL,0.026424759,>0.02
84734,FR815,Pyrénées-Orientales,FR,0.026395019,>0.02
97967,ITG25,Sassari,IT,0.026363199,>0.02
111503,PL213,Miasto Kraków,PL,0.025906352,>0.02
108977,NL341,Zeeuwsch-Vlaanderen,NL,0.025832762,>0.02
115128,PL418,Poznański,PL,0.025711257,>0.02
110020,PL113,Miasto Łódź,PL,0.025655637,>0.02
117641,PL633,Trójmiejski,PL,0.02549989,>0.02
14281,BG421,Пловдив (Plovdiv),BG,0.025373842,>0.02
8030,BE232,Arr. Dendermonde,BE,0.025178926,>0.02
15310,CZ032,Plzeňský kraj,CZ,0.024819507,>0.02
9042,BE253,Arr. Ieper,BE,0.024722825,>0.02
113658,PL324,Przemyski,PL,0.024601302,>0.02
16105,CZ064,Jihomoravský kraj,CZ,0.024434227,>0.02
111964,PL219,Nowotarski,PL,0.024150341,>0.02
97446,ITG15,Caltanissetta,IT,0.024082854,>0.02
12474,BG322,Габрово (Gabrovo),BG,0.02394828,>0.02
117526,PL623,Ełcki,PL,0.023929828,>0.02
92753,ITC20,Valle d'Aosta/Vallée d'Aoste,IT,0.02392267,>0.02
89005,HU212,Komárom-Esztergom,HU,0.023634952,>0.02
107146,NL226,Arnhem/Nijmegen,NL,0.023553761,>0.02
139871,UKI51,Bexley and Greenwich,UK,0.023525205,>0.02
111736,PL217,Tarnowski,PL,0.02346207,>0.02
15079,CZ020,Středočeský kraj,CZ,0.023435687,>0.02
83711,FR718,Haute-Savoie,FR,0.023328462,>0.02
117870,PL636,Słupski,PL,0.023099461,>0.02
75619,FR211,Ardennes,FR,0.023085064,>0.02
77350,FR251,Calvados,FR,0.023071268,>0.02
115930,PL514,Miasto Wrocław,PL,0.02299126,>0.02
114553,PL411,Pilski,PL,0.022947322,>0.02
121577,RO116,Sălaj,RO,0.022882854,>0.02
113323,PL314,Lubelski,PL,0.022861028,>0.02
107030,NL225,Achterhoek,NL,0.022588717,>0.02
8476,BE236,Arr. Sint-Niklaas,BE,0.022532642,>0.02
8939,BE252,Arr. Diksmuide,BE,0.022283069,>0.02
88650,HU101,Budapest,HU,0.02220672,>0.02
15538,CZ042,Ústecký kraj,CZ,0.022202773,>0.02
63788,EL514,Δράμα (Drama),EL,0.022146359,>0.02
111275,PL12D,Ostrołęcki,PL,0.022129872,>0.02
106456,NL211,Noord-Overijssel,NL,0.021926185,>0.02
113767,PL325,Rzeszowski,PL,0.021811614,>0.02
95711,ITF43,Taranto,IT,0.021791441,>0.02
112753,PL22A,Katowicki,PL,0.021747866,>0.02
116506,PL523,Nyski,PL,0.021708365,>0.02
116048,PL515,Jeleniogórski,PL,0.021447759,>0.02
114215,PL343,Białostocki,PL,0.021343644,>0.02
111850,PL218,Nowosądecki,PL,0.02132903,>0.02
116164,PL516,Legnicko-głogowski,PL,0.021325449,>0.02
15652,CZ051,Liberecký kraj,CZ,0.021319156,>0.02
116281,PL517,Wałbrzyski,PL,0.021246841,>0.02
82443,FR628,Tarn-et-Garonne,FR,0.021242178,>0.02
117300,PL621,Elbląski,PL,0.021126094,>0.02
115359,PL426,Koszaliński,PL,0.02106488,>0.02
124535,RO413,Mehedinţi,RO,0.021063206,>0.02
95504,ITF34,Avellino,IT,0.020960537,>0.02
88891,HU211,Fejér,HU,0.020937764,>0.02
70661,ES532,Mallorca,ES,0.020853138,>0.02
102817,ITI35,Fermo,IT,0.020731588,>0.02
67264,ES220,Navarra,ES,0.020703697,>0.02
78394,FR411,Meurthe-et-Moselle,FR,0.020601932,>0.02
91542,IE023,Mid-West,IE,0.020575601,>0.02
106683,NL213,Twente,NL,0.020508754,>0.02
116959,PL617,Inowrocławski,PL,0.020438538,>0.02
124982,RO423,Hunedoara,RO,0.020431123,>0.02
110586,PL127,Miasto Warszawa,PL,0.020422591,>0.02
7917,BE231,Arr. Aalst,BE,0.020343028,>0.02
84163,FR724,Puy-de-Dôme,FR,0.020259039,>0.02
90132,HU313,Nógrád,HU,0.020161285,>0.02
113992,PL331,Kielecki,PL,0.020069937,>0.02
12364,BG321,Велико Търново (Veliko Tarnovo),BG,0.020059474,>0.02
109789,NL422,Midden-Limburg,NL,0.019952341,>0.01
113880,PL326,Tarnobrzeski,PL,0.01988318,>0.01
12268,BG315,Ловеч (Lovech),BG,0.019791045,>0.01
121485,RO115,Satu Mare,RO,0.019740351,>0.01
73314,FI1C1,Varsinais-Suomi,FI,0.019704977,>0.01
118090,PL638,Starogardzki,PL,0.019640449,>0.01
115588,PL428,Szczeciński,PL,0.019631161,>0.01
134277,UKF12,East Derbyshire,UK,0.019548004,>0.01
141136,UKI75,Hounslow and Richmond upon Thames,UK,0.019518494,>0.01
75843,FR213,Marne,FR,0.019500962,>0.01
142840,UKJ36,Central Hampshire,UK,0.01940424,>0.01
119801,PT16H,Beira Baixa,PT,0.019364,>0.01
15763,CZ052,Královéhradecký kraj,CZ,0.019319386,>0.01
9502,BE257,Arr. Tielt,BE,0.019221109,>0.01
90686,HU332,Békés,HU,0.019184161,>0.01
13209,BG334,Търговище (Targovishte),BG,0.019145691,>0.01
109085,NL342,Overig Zeeland,NL,0.019062756,>0.01
77699,FR261,Côte-d'Or,FR,0.019042318,>0.01
85557,FR831,Corse-du-Sud,FR,0.019042275,>0.01
135444,UKG11,"Herefordshire, County of",UK,0.019016093,>0.01
124333,RO411,Dolj,RO,0.0189546,>0.01
15992,CZ063,Kraj Vysočina,CZ,0.018881996,>0.01
15426,CZ041,Karlovarský kraj,CZ,0.018860663,>0.01
84281,FR811,Aude,FR,0.018852744,>0.01
78045,FR264,Yonne,FR,0.018849489,>0.01
75153,FR105,Hauts-de-Seine,FR,0.018847641,>0.01
112186,PL224,Częstochowski,PL,0.018847266,>0.01
94992,ITF21,Isernia,IT,0.018663519,>0.01
76189,FR222,Oise,FR,0.018611754,>0.01
9388,BE256,Arr. Roeselare,BE,0.018542895,>0.01
86009,FRA30,Guyane,FR,0.018352216,>0.01
16447,CZ080,Moravskoslezský kraj,CZ,0.018331935,>0.01
63988,EL522,Θεσσαλονίκη (Thessaloniki),EL,0.018320098,>0.01
86784,HR035,Splitsko-dalmatinska županija,HR,0.018235765,>0.01
127767,SI032,Podravska,SI,0.018203959,>0.01
92539,ITC17,Asti,IT,0.018171228,>0.01
90354,HU322,Jász-Nagykun-Szolnok,HU,0.018152535,>0.01
101460,ITI14,Firenze,IT,0.01808389,>0.01
110137,PL114,Łódzki,PL,0.018070484,>0.01
113207,PL312,Chełmsko-zamojski,PL,0.017980079,>0.01
12879,BG331,Варна (Varna),BG,0.017939106,>0.01
112639,PL229,Gliwicki,PL,0.017935822,>0.01
106119,NL131,Noord-Drenthe,NL,0.017836719,>0.01
62982,EL421,"Κάλυμνος, Κάρπαθος, Κως, Ρόδος (Kalymnos, Karpathos, Kos, Rodos)",EL,0.017818491,>0.01
103337,ITI45,Frosinone,IT,0.017766739,>0.01
131652,UKD44,Lancaster and Wyre,UK,0.017713604,>0.01
113549,PL323,Krośnieński,PL,0.017557804,>0.01
116846,PL616,Grudziądzki,PL,0.017524509,>0.01
119003,PT11E,Terras de Trás-os-Montes,PT,0.017362233,>0.01
15196,CZ031,Jihočeský kraj,CZ,0.01733917,>0.01
115015,PL417,Leszczyński,PL,0.01724723,>0.01
83943,FR722,Cantal,FR,0.016990272,>0.01
93696,ITC46,Bergamo,IT,0.016964472,>0.01
119352,PT16D,Região de Aveiro,PT,0.016952754,>0.01
81407,FR614,Lot-et-Garonne,FR,0.016912705,>0.01
71190,ES614,Granada,ES,0.01680975,>0.01
131458,UKD41,Blackburn with Darwen,UK,0.01680945,>0.01
85438,FR826,Vaucluse,FR,0.016745138,>0.01
117184,PL619,Włocławski,PL,0.016678528,>0.01
81864,FR623,Haute-Garonne,FR,0.016547049,>0.01
88121,HR04A,Brodsko-posavska županija,HR,0.016524892,>0.01
97038,ITG11,Trapani,IT,0.016500004,>0.01
119569,PT16F,Região de Leiria,PT,0.016450283,>0.01
119456,PT16E,Região de Coimbra,PT,0.016433195,>0.01
79088,FR431,Doubs,FR,0.016400549,>0.01
74607,FI200,Åland,FI,0.016326531,>0.01
74917,FR103,Yvelines,FR,0.016261374,>0.01
121270,RO113,Cluj,RO,0.016043023,>0.01
110706,PL128,Radomski,PL,0.016041789,>0.01
81638,FR621,Ariège,FR,0.016027621,>0.01
76999,FR244,Indre-et-Loire,FR,0.016005374,>0.01
14960,CZ010,Hlavní město Praha,CZ,0.01585257,>0.01
14508,BG423,Пазарджик (Pazardzhik),BG,0.015830666,>0.01
144923,UKK43,Devon CC,UK,0.015827029,>0.01
81521,FR615,Pyrénées-Atlantiques,FR,0.015812841,>0.01
112869,PL22B,Sosnowiecki,PL,0.015805997,>0.01
137729,UKH21,Luton,UK,0.015798143,>0.01
97763,ITG18,Ragusa,IT,0.015795715,>0.01
111159,PL12C,Płocki,PL,0.015693538,>0.01
140560,UKI63,"Merton, Kingston upon Thames and Sutton",UK,0.015691359,>0.01
119685,PT16G,Viseu Dão Lafões,PT,0.015628788,>0.01
95916,ITF45,Lecce,IT,0.015529462,>0.01
118885,PT11D,Douro,PT,0.015510084,>0.01
138734,UKH37,Essex Thames Gateway,UK,0.015475805,>0.01
77813,FR262,Nièvre,FR,0.015418282,>0.01
132468,UKD71,East Merseyside,UK,0.015408763,>0.01
76073,FR221,Aisne,FR,0.015325756,>0.01
68793,ES419,Zamora,ES,0.015318653,>0.01
98862,ITH20,Trento,IT,0.015315714,>0.01
121045,RO111,Bihor,RO,0.015212285,>0.01
16336,CZ072,Zlínský kraj,CZ,0.015130093,>0.01
90459,HU323,Szabolcs-Szatmár-Bereg,HU,0.015110457,>0.01
92961,ITC32,Savona,IT,0.015095945,>0.01
110250,PL115,Piotrkowski,PL,0.015040478,>0.01
75036,FR104,Essonne,FR,0.015031771,>0.01
70849,ES611,Almería,ES,0.015007211,>0.01
66247,ES111,A Coruña,ES,0.014985924,>0.01
80479,FR524,Morbihan,FR,0.01498367,>0.01
96539,ITF61,Cosenza,IT,0.014898954,>0.01
116394,PL518,Wrocławski,PL,0.014765451,>0.01
63543,EL511,Έβρος (Evros),EL,0.01474786,>0.01
96437,ITF52,Matera,IT,0.014745265,>0.01
124444,RO412,Gorj,RO,0.014533152,>0.01
72357,ES707,La Palma,ES,0.014467593,>0.01
97344,ITG14,Agrigento,IT,0.014384376,>0.01
120822,PT200,Região Autónoma dos Açores,PT,0.014307961,>0.01
15877,CZ053,Pardubický kraj,CZ,0.014206485,>0.01
16222,CZ071,Olomoucký kraj,CZ,0.014145723,>0.01
107263,NL230,Flevoland,NL,0.014109604,>0.01
112072,PL21A,Oświęcimski,PL,0.014045783,>0.01
102396,ITI31,Pesaro e Urbino,IT,0.013998096,>0.01
106235,NL132,Zuidoost-Drenthe,NL,0.013994819,>0.01
112983,PL22C,Tyski,PL,0.013971001,>0.01
138413,UKH34,Essex Haven Gateway,UK,0.013911896,>0.01
72046,ES703,El Hierro,ES,0.013888889,>0.01
111390,PL12E,Siedlecki,PL,0.013879568,>0.01
86555,HR033,Zadarska županija,HR,0.013837915,>0.01
118437,PT119,Ave,PT,0.013795352,>0.01
139422,UKI42,Tower Hamlets,UK,0.013792711,>0.01
92429,ITC16,Cuneo,IT,0.013735134,>0.01
110934,PL12A,Warszawski zachodni,PL,0.013686044,>0.01
120380,PT184,Baixo Alentejo,PT,0.013679458,>0.01
82666,FR632,Creuse,FR,0.013657718,>0.01
98381,ITG29,Olbia-Tempio,IT,0.01361107,>0.01
76542,FR232,Seine-Maritime,FR,0.013609273,>0.01
110472,PL117,Skierniewicki,PL,0.013569503,>0.01
149343,UKN05,West and South of Northern Ireland,UK,0.013565208,>0.01
112525,PL228,Bytomski,PL,0.013553054,>0.01
94344,ITC4C,Milano,IT,0.013477453,>0.01
86113,FRA40,La Réunion,FR,0.01347203,>0.01
72530,ES709,Tenerife,ES,0.013457316,>0.01
148339,UKM62,"Inverness & Nairn and Moray, Badenoch & Strathspey",UK,0.013428447,>0.01
83005,FR712,Ardèche,FR,0.013427933,>0.01
111621,PL214,Krakowski,PL,0.013395972,>0.01
113435,PL315,Puławski,PL,0.013354555,>0.01
85895,FRA20,Martinique,FR,0.013225641,>0.01
130666,UKD11,West Cumbria,UK,0.013218424,>0.01
117072,PL618,Świecki,PL,0.013191053,>0.01
146990,UKM27,Perth & Kinross and Stirling,UK,0.013189775,>0.01
96844,ITF64,Vibo Valentia,IT,0.013131499,>0.01
114103,PL332,Sandomiersko-jędrzejowski,PL,0.013085537,>0.01
74677,FR101,Paris,FR,0.013082194,>0.01
146323,UKM21,Angus and Dundee City,UK,0.013050764,>0.01
124612,RO414,Olt,RO,0.01293331,>0.01
70771,ES533,Menorca,ES,0.01292735,>0.01
95294,ITF32,Benevento,IT,0.012851158,>0.01
72118,ES704,Fuerteventura,ES,0.012832126,>0.01
83233,FR714,Isère,FR,0.012797782,>0.01
117415,PL622,Olsztyński,PL,0.012725405,>0.01
94887,ITF14,Chieti,IT,0.012709745,>0.01
68367,ES415,Salamanca,ES,0.012648005,>0.01
145048,UKL12,Gwynedd,UK,0.01254337,>0.01
71862,ES630,Ceuta,ES,0.012401186,>0.01
12677,BG324,Разград (Razgrad),BG,0.012400014,>0.01
117984,PL637,Chojnicki,PL,0.012374634,>0.01
96022,ITF46,Foggia,IT,0.012345282,>0.01
71954,ES640,Melilla,ES,0.012333423,>0.01
78161,FR301,Nord,FR,0.012248056,>0.01
111049,PL12B,Ciechanowski,PL,0.012244439,>0.01
8141,BE233,Arr. Eeklo,BE,0.012209435,>0.01
80712,FR532,Charente-Maritime,FR,0.012205882,>0.01
102717,ITI34,Ascoli Piceno,IT,0.012180983,>0.01
129286,SK023,Nitriansky kraj,SK,0.01214894,>0.01
96236,ITF48,Barletta-Andria-Trani,IT,0.01210802,>0.01
85319,FR825,Var,FR,0.012065612,>0.01
82099,FR625,Lot,FR,0.012010444,>0.01
148574,UKM64,Eilean Siar (Western Isles),UK,0.012005776,>0.01
112413,PL227,Rybnicki,PL,0.011973294,>0.01
107379,NL310,Utrecht,NL,0.011957458,>0.01
72429,ES708,Lanzarote,ES,0.01193872,>0.01
124796,RO421,Arad,RO,0.011785653,>0.01
69441,ES431,Badajoz,ES,0.011690881,>0.01
102293,ITI22,Terni,IT,0.011680803,>0.01
139644,UKI44,Lewisham and Southwark,UK,0.01164434,>0.01
130205,UKC14,Durham CC,UK,0.011632463,>0.01
93597,ITC44,Sondrio,IT,0.011603076,>0.01
86334,HR031,Primorsko-goranska županija,HR,0.011590565,>0.01
99846,ITH42,Udine,IT,0.01146946,>0.01
148235,UKM61,Caithness & Sutherland and Ross & Cromarty,UK,0.011458314,>0.01
95085,ITF22,Campobasso,IT,0.011450688,>0.01
108864,NL33A,Zuidoost-Zuid-Holland,NL,0.011410377,>0.01
9612,BE258,Arr. Veurne,BE,0.011375742,>0.01
126610,SE231,Hallands län,SE,0.011344201,>0.01
75735,FR212,Aube,FR,0.011341279,>0.01
78736,FR414,Vosges,FR,0.011326815,>0.01
85197,FR824,Bouches-du-Rhône,FR,0.011310169,>0.01
115473,PL427,Szczecinecko-pyrzycki,PL,0.011279132,>0.01
93491,ITC43,Lecco,IT,0.011204481,>0.01
92860,ITC31,Imperia,IT,0.011145238,>0.01
77469,FR252,Manche,FR,0.011131359,>0.01
99199,ITH33,Belluno,IT,0.011083433,>0.01
98973,ITH31,Verona,IT,0.011070355,>0.01
145848,UKL21,Monmouthshire and Newport,UK,0.010991036,>0.01
142050,UKJ26,East Surrey,UK,0.010987656,>0.01
94462,ITC4D,Monza e della Brianza,IT,0.010935992,>0.01
95190,ITF31,Caserta,IT,0.010875826,>0.01
99740,ITH41,Pordenone,IT,0.010870071,>0.01
12574,BG323,Русе (Ruse),BG,0.010853623,>0.01
94134,ITC4A,Cremona,IT,0.010833089,>0.01
66570,ES114,Pontevedra,ES,0.010822838,>0.01
123994,RO316,Prahova,RO,0.010773084,>0.01
133126,UKE13,North and North East Lincolnshire,UK,0.010749439,>0.01
83829,FR721,Allier,FR,0.010748467,>0.01
129519,SK032,Banskobystrický kraj,SK,0.010706895,>0.01
140904,UKI73,Ealing,UK,0.010687443,>0.01
144466,UKK23,Somerset,UK,0.010670249,>0.01
136328,UKG32,Solihull,UK,0.010647847,>0.01
91191,IE013,West,IE,0.010598097,>0.01
93171,ITC34,La Spezia,IT,0.010546188,>0.01
92009,ITC12,Vercelli,IT,0.010467453,>0.01
146873,UKM26,Falkirk,UK,0.010458964,>0.01
145733,UKL18,Swansea,UK,0.01044681,>0.01
14611,BG424,Смолян (Smolyan),BG,0.010434991,>0.01
110820,PL129,Warszawski wschodni,PL,0.010374728,>0.01
112300,PL225,Bielski,PL,0.010365762,>0.01
94240,ITC4B,Mantova,IT,0.010365734,>0.01
108749,NL339,Groot-Rijnmond,NL,0.010355929,>0.01
136906,UKG39,Wolverhampton,UK,0.010334293,>0.01
137847,UKH23,Hertfordshire,UK,0.01033246,>0.01
109201,NL411,West-Noord-Brabant,NL,0.010328921,>0.01
143299,UKJ44,East Kent,UK,0.010317698,>0.01
99412,ITH35,Venezia,IT,0.010269631,>0.01
86903,HR036,Istarska županija,HR,0.010174646,>0.01
133020,UKE12,East Riding of Yorkshire,UK,0.01015916,>0.01
86672,HR034,Šibensko-kninska županija,HR,0.010147401,>0.01
90954,IE011,Border,IE,0.010140778,>0.01
95394,ITF33,Napoli,IT,0.010106505,>0.01
82328,FR627,Tarn,FR,0.010097416,>0.01
142725,UKJ35,South Hampshire,UK,0.010092811,>0.01
76425,FR231,Eure,FR,0.010048692,>0.01
95607,ITF35,Salerno,IT,0.009999673,>0
85673,FR832,Haute-Corse,FR,0.009950758,>0
97238,ITG13,Messina,IT,0.009940258,>0
96740,ITF63,Catanzaro,IT,0.009869538,>0
80595,FR531,Charente,FR,0.009859612,>0
98571,ITG2B,Medio Campidano,IT,0.009858218,>0
141370,UKJ12,Milton Keynes,UK,0.00984732,>0
77232,FR246,Loiret,FR,0.009845081,>0
148457,UKM63,"Lochaber, Skye & Lochalsh, Arran & Cumbrae and Argyll & Bute",UK,0.009834285,>0
143654,UKK11,"Bristol, City of",UK,0.009819094,>0
142959,UKJ37,North Hampshire,UK,0.009759869,>0
142164,UKJ27,West Sussex (South West),UK,0.009721586,>0
86448,HR032,Ličko-senjska županija,HR,0.009687329,>0
83592,FR717,Savoie,FR,0.009685568,>0
97544,ITG16,Enna,IT,0.009682419,>0
140329,UKI61,Bromley,UK,0.009637446,>0
123632,RO312,Călăraşi,RO,0.009609767,>0
144699,UKK41,Plymouth,UK,0.009606368,>0
76661,FR241,Cher,FR,0.009588737,>0
137497,UKH16,North and West Norfolk,UK,0.009583017,>0
120705,PT187,Alentejo Central,PT,0.009562798,>0
94781,ITF13,Pescara,IT,0.009531258,>0
108292,NL332,Agglomeratie 's-Gravenhage,NL,0.009516415,>0
85076,FR823,Alpes-Maritimes,FR,0.009448925,>0
131888,UKD46,East Lancashire,UK,0.009438504,>0
77119,FR245,Loir-et-Cher,FR,0.009429556,>0
84054,FR723,Haute-Loire,FR,0.009414044,>0
83121,FR713,Drôme,FR,0.009323035,>0
136086,UKG24,Staffordshire CC,UK,0.009320988,>0
87126,HR041,Grad Zagreb,HR,0.009295252,>0
67819,ES300,Madrid,ES,0.009289931,>0
91072,IE012,Midland,IE,0.009289819,>0
133239,UKE21,York,UK,0.00928085,>0
99957,ITH43,Gorizia,IT,0.009248745,>0
107947,NL325,Zaanstreek,NL,0.00924828,>0
91893,ITC11,Torino,IT,0.009247768,>0
130090,UKC13,Darlington,UK,0.009241144,>0
100060,ITH44,Trieste,IT,0.009236063,>0
108522,NL337,Agglomeratie Leiden en Bollenstreek,NL,0.00923261,>0
91428,IE022,Mid-East,IE,0.009166583,>0
94677,ITF12,Teramo,IT,0.009093451,>0
79896,FR514,Sarthe,FR,0.009090693,>0
93062,ITC33,Genova,IT,0.009073485,>0
103542,LT002,Kauno apskritis,LT,0.009029968,>0
137022,UKH11,Peterborough,UK,0.00901053,>0
69652,ES511,Barcelona,ES,0.009004454,>0
99300,ITH34,Treviso,IT,0.008989668,>0
148119,UKM50,Aberdeen City and Aberdeenshire,UK,0.008978865,>0
84855,FR821,Alpes-de-Haute-Provence,FR,0.008963598,>0
98071,ITG26,Nuoro,IT,0.008950608,>0
78277,FR302,Pas-de-Calais,FR,0.008943253,>0
144010,UKK14,Swindon,UK,0.008906796,>0
88543,HR04E,Sisačko-moslavačka županija,HR,0.008873751,>0
78512,FR412,Meuse,FR,0.008868122,>0
72196,ES705,Gran Canaria,ES,0.008862301,>0
14187,BG415,Кюстендил (Kyustendil),BG,0.00885992,>0
87911,HR048,Virovitičko-podravska županija,HR,0.00885899,>0
129750,SK042,Košický kraj,SK,0.008855343,>0
94572,ITF11,L'Aquila,IT,0.008838414,>0
81987,FR624,Gers,FR,0.008827214,>0
103232,ITI44,Latina,IT,0.008801517,>0
137381,UKH15,Norwich and East Norfolk,UK,0.008773862,>0
101042,ITH59,Rimini,IT,0.008754038,>0
88430,HR04D,Karlovačka županija,HR,0.008736615,>0
88319,HR04C,Vukovarsko-srijemska županija,HR,0.008701477,>0
87015,HR037,Dubrovačko-neretvanska županija,HR,0.008697374,>0
79434,FR434,Territoire de Belfort,FR,0.008695657,>0
96938,ITF65,Reggio di Calabria,IT,0.008662587,>0
87582,HR045,Koprivničko-križevačka županija,HR,0.008651832,>0
91776,IE025,South-West (IE),IE,0.008643696,>0
88207,HR04B,Osječko-baranjska županija,HR,0.00864341,>0
146753,UKM25,"Edinburgh, City of",UK,0.008587322,>0
102612,ITI33,Macerata,IT,0.008584275,>0
134623,UKF15,North Nottinghamshire,UK,0.008581914,>0
131239,UKD36,Greater Manchester North West,UK,0.008529225,>0
92216,ITC14,Verbano-Cusio-Ossola,IT,0.008526835,>0
79320,FR433,Haute-Saône,FR,0.00852149,>0
87690,HR046,Međimurska županija,HR,0.008512139,>0
135093,UKF24,West Northamptonshire,UK,0.008510216,>0
144585,UKK30,Cornwall and Isles of Scilly,UK,0.008492292,>0
88013,HR049,Požeško-slavonska županija,HR,0.008482439,>0
76888,FR243,Indre,FR,0.008464953,>0
82775,FR633,Haute-Vienne,FR,0.008447665,>0
87243,HR042,Zagrebačka županija,HR,0.008438574,>0
75271,FR106,Seine-Saint-Denis,FR,0.008437082,>0
131540,UKD42,Blackpool,UK,0.0084159,>0
149222,UKN04,North of Northern Ireland,UK,0.00837952,>0
81751,FR622,Aveyron,FR,0.008373139,>0
93806,ITC47,Brescia,IT,0.008319422,>0
145506,UKL16,Gwent Valleys,UK,0.008282338,>0
143418,UKJ45,Mid Kent,UK,0.008254362,>0
93383,ITC42,Como,IT,0.008246068,>0
87360,HR043,Krapinsko-zagorska županija,HR,0.008238423,>0
120601,PT186,Alto Alentejo,PT,0.008205512,>0
83470,FR716,Rhône,FR,0.00819161,>0
132119,UKD61,Warrington,UK,0.008170789,>0
147341,UKM32,Dumfries & Galloway,UK,0.008166013,>0
92321,ITC15,Novara,IT,0.008165951,>0
136443,UKG33,Coventry,UK,0.008155224,>0
87468,HR044,Varaždinska županija,HR,0.008149247,>0
132679,UKD73,Sefton,UK,0.008115682,>0
80945,FR534,Vienne,FR,0.008098963,>0
147226,UKM31,"East Dunbartonshire, West Dunbartonshire and Helensburgh & Lomond",UK,0.008082479,>0
134860,UKF21,Leicester,UK,0.008069233,>0
132350,UKD63,Cheshire West and Chester,UK,0.008051469,>0
138965,UKI32,Westminster,UK,0.008049996,>0
141486,UKJ13,Buckinghamshire CC,UK,0.008016455,>0
60433,DK011,Byen København,DK,0.007969022,>0
70340,ES523,Valencia / Val?ncia,ES,0.007953489,>0
82215,FR626,Hautes-Pyrénées,FR,0.007918862,>0
110362,PL116,Sieradzki,PL,0.007878449,>0
141723,UKJ21,Brighton and Hove,UK,0.007857318,>0
75503,FR108,Val-d'Oise,FR,0.007838709,>0
93273,ITC41,Varese,IT,0.007808622,>0
147554,UKM34,Glasgow City,UK,0.00777922,>0
101253,ITI12,Lucca,IT,0.007753049,>0
79667,FR512,Maine-et-Loire,FR,0.007728518,>0
129976,UKC12,South Teesside,UK,0.007674295,>0
100167,ITH51,Piacenza,IT,0.007639918,>0
141603,UKJ14,Oxfordshire,UK,0.007637165,>0
103020,ITI42,Rieti,IT,0.007612005,>0
84512,FR813,Hérault,FR,0.007594876,>0
75387,FR107,Val-de-Marne,FR,0.007563618,>0
82555,FR631,Corrèze,FR,0.007525023,>0
144348,UKK22,Dorset CC,UK,0.007503973,>0
145621,UKL17,Bridgend and Neath Port Talbot,UK,0.007460311,>0
132233,UKD62,Cheshire East,UK,0.007459796,>0
134054,UKE45,Wakefield,UK,0.007458619,>0
75959,FR214,Haute-Marne,FR,0.007451266,>0
103870,LT005,Panevėžio apskritis,LT,0.007422283,>0
145159,UKL13,Conwy and Denbighshire,UK,0.007420271,>0
64858,EL611,"Καρδίτσα, Τρίκαλα (Karditsa, Trikala)",EL,0.007386243,>0
12773,BG325,Силистра (Silistra),BG,0.007376676,>0
108638,NL338,Oost-Zuid-Holland,NL,0.00736424,>0
137965,UKH24,Bedford,UK,0.007358396,>0
66802,ES130,Cantabria,ES,0.007340645,>0
101776,ITI17,Pisa,IT,0.007330249,>0
100496,ITH54,Modena,IT,0.007329106,>0
146528,UKM23,East Lothian and Midlothian,UK,0.007322219,>0
139200,UKI34,Wandsworth,UK,0.007306129,>0
134505,UKF14,Nottingham,UK,0.007305671,>0
94026,ITC49,Lodi,IT,0.007291488,>0
13527,BG343,Ямбол (Yambol),BG,0.007233213,>0
69771,ES512,Girona,ES,0.007207617,>0
101674,ITI16,Livorno,IT,0.00720194,>0
71519,ES617,Málaga,ES,0.007178921,>0
146085,UKL23,Flintshire and Wrexham,UK,0.007178217,>0
82890,FR711,Ain,FR,0.007163618,>0
124901,RO422,Caraş-Severin,RO,0.007144507,>0
141251,UKJ11,Berkshire,UK,0.007118627,>0
76775,FR242,Eure-et-Loir,FR,0.007057118,>0
74800,FR102,Seine-et-Marne,FR,0.007056674,>0
79548,FR511,Loire-Atlantique,FR,0.007036609,>0
137141,UKH12,Cambridgeshire CC,UK,0.007030289,>0
102186,ITI21,Perugia,IT,0.007019691,>0
131018,UKD34,Greater Manchester South West,UK,0.00700902,>0
91308,IE021,Dublin,IE,0.006991217,>0
81172,FR612,Gironde,FR,0.006987958,>0
130897,UKD33,Manchester,UK,0.006975402,>0
131771,UKD45,Mid Lancashire,UK,0.006958851,>0
134978,UKF22,Leicestershire CC and Rutland,UK,0.006948815,>0
80011,FR515,Vendée,FR,0.00694472,>0
95812,ITF44,Brindisi,IT,0.00694218,>0
133597,UKE32,Sheffield,UK,0.006939715,>0
142396,UKJ31,Portsmouth,UK,0.006924525,>0
139315,UKI41,Hackney and Newham,UK,0.006907085,>0
145274,UKL14,South West Wales,UK,0.006902088,>0
139757,UKI45,Lambeth,UK,0.006868642,>0
80361,FR523,Ille-et-Vilaine,FR,0.00686501,>0
103116,ITI43,Roma,IT,0.006838637,>0
100934,ITH58,Forlì-Cesena,IT,0.006836666,>0
84965,FR822,Hautes-Alpes,FR,0.00678226,>0
136673,UKG37,Sandwell,UK,0.006765141,>0
137260,UKH14,Suffolk,UK,0.0067599,>0
132584,UKD72,Liverpool,UK,0.006738437,>0
138300,UKH32,Thurrock,UK,0.006628193,>0
132914,UKE11,"Kingston upon Hull, City of",UK,0.006606125,>0
130551,UKC23,Sunderland,UK,0.006562917,>0
67491,ES241,Huesca,ES,0.006534932,>0
142284,UKJ28,West Sussex (North East),UK,0.0065006,>0
138188,UKH31,Southend-on-Sea,UK,0.006480002,>0
140791,UKI72,Brent,UK,0.006462666,>0
92113,ITC13,Biella,IT,0.006446505,>0
141929,UKJ25,West Surrey,UK,0.006441059,>0
84396,FR812,Gard,FR,0.006424003,>0
142632,UKJ34,Isle of Wight,UK,0.006392652,>0
83351,FR715,Loire,FR,0.006385841,>0
133358,UKE22,North Yorkshire CC,UK,0.006354089,>0
105460,NL111,Oost-Groningen,NL,0.006341924,>0
71079,ES613,Córdoba,ES,0.006339661,>0
100606,ITH55,Bologna,IT,0.006331944,>0
99086,ITH32,Vicenza,IT,0.00630591,>0
136006,UKG23,Stoke-on-Trent,UK,0.006305216,>0
147445,UKM33,East Ayrshire and North Ayrshire mainland,UK,0.006283233,>0
101981,ITI19,Siena,IT,0.006248976,>0
143773,UKK12,"Bath and North East Somerset, North Somerset and South Gloucestershire",UK,0.00623466,>0
140212,UKI54,Enfield,UK,0.006227069,>0
70231,ES522,Castellón / Castelló,ES,0.006212158,>0
67705,ES243,Zaragoza,ES,0.006205246,>0
100721,ITH56,Ferrara,IT,0.006200364,>0
130435,UKC22,Tyneside,UK,0.006165407,>0
133477,UKE31,"Barnsley, Doncaster and Rotherham",UK,0.006114171,>0
79782,FR513,Mayenne,FR,0.005996752,>0
92644,ITC18,Alessandria,IT,0.005978938,>0
145965,UKL22,Cardiff and Vale of Glamorgan,UK,0.005974259,>0
97653,ITG17,Catania,IT,0.005955344,>0
135550,UKG12,Worcestershire,UK,0.005925356,>0
100385,ITH53,Reggio nell'Emilia,IT,0.005916146,>0
147109,UKM28,West Lothian,UK,0.005876411,>0
107612,NL322,Alkmaar en omgeving,NL,0.00586121,>0
131132,UKD35,Greater Manchester South East,UK,0.005836596,>0
105565,NL112,Delfzijl en omgeving,NL,0.005832037,>0
137611,UKH17,Breckland and South Norfolk,UK,0.005829185,>0
12161,BG314,Плевен (Pleven),BG,0.005826823,>0
135788,UKG21,Telford and Wrekin,UK,0.005774259,>0
135213,UKF25,North Northamptonshire,UK,0.005767011,>0
140444,UKI62,Croydon,UK,0.005760426,>0
147787,UKM36,North Lanarkshire,UK,0.005747121,>0
136208,UKG31,Birmingham,UK,0.005666919,>0
67940,ES411,Ávila,ES,0.005648012,>0
142513,UKJ32,Southampton,UK,0.00563169,>0
148989,UKN02,Outer Belfast,UK,0.005629848,>0
13977,BG413,Благоевград (Blagoevgrad),BG,0.005619521,>0
118674,PT11B,Alto Tâmega,PT,0.005612177,>0
108178,NL327,Het Gooi en Vechtstreek,NL,0.005568939,>0
81058,FR611,Dordogne,FR,0.005565634,>0
131350,UKD37,Greater Manchester North East,UK,0.005550101,>0
144244,UKK21,Bournemouth and Poole,UK,0.005542563,>0
71748,ES620,Murcia,ES,0.00552935,>0
106799,NL221,Veluwe,NL,0.00551645,>0
66361,ES112,Lugo,ES,0.005488702,>0
101359,ITI13,Pistoia,IT,0.00548663,>0
138530,UKH35,West Essex,UK,0.005431806,>0
143538,UKJ46,West Kent,UK,0.005419046,>0
62332,EL303,Κεντρικός Τομέας Αθηνών (Kentrikos Tomeas Athinon),EL,0.005414401,>0
11859,BG311,Видин (Vidin),BG,0.005406999,>0
99526,ITH36,Padova,IT,0.005390231,>0
102086,ITI1A,Grosseto,IT,0.005366475,>0
134387,UKF13,South and West Derbyshire,UK,0.005345334,>0
77587,FR253,Orne,FR,0.005256009,>0
85791,FRA10,Guadeloupe,FR,0.005174379,>0
68149,ES413,León,ES,0.005163032,>0
136558,UKG36,Dudley,UK,0.00515978,>0
100827,ITH57,Ravenna,IT,0.005111975,>0
108406,NL333,Delft en Westland,NL,0.00507866,>0
74499,FI1D7,Lappi,FI,0.005042195,>0
96126,ITF47,Bari,IT,0.005020103,>0
145388,UKL15,Central Valleys,UK,0.005008418,>0
13428,BG342,Сливен (Sliven),BG,0.004979784,>0
101150,ITI11,Massa-Carrara,IT,0.004925957,>0
80125,FR521,Côtes-d'Armor,FR,0.004897441,>0
84629,FR814,Lozère,FR,0.004855707,>0
125679,SE124,Örebro län,SE,0.004784865,>0
136788,UKG38,Walsall,UK,0.004727047,>0
143890,UKK13,Gloucestershire,UK,0.004722169,>0
121387,RO114,Maramureş,RO,0.004719145,>0
135889,UKG22,Shropshire CC,UK,0.004702437,>0
141811,UKJ22,East Sussex CC,UK,0.004687692,>0
71410,ES616,Jaén,ES,0.004665761,>0
147675,UKM35,"Inverclyde, East Renfrewshire and Renfrewshire",UK,0.004642662,>0
69548,ES432,Cáceres,ES,0.004640717,>0
138854,UKI31,Camden and City of London,UK,0.004623856,>0
69002,ES422,Ciudad Real,ES,0.0046215,>0
132004,UKD47,Chorley and West Lancashire,UK,0.00461275,>0
120497,PT185,Lezíria do Tejo,PT,0.004464482,>0
13100,BG333,Шумен (Shumen),BG,0.004420001,>0
135327,UKF30,Lincolnshire,UK,0.004411872,>0
101571,ITI15,Prato,IT,0.004409323,>0
144125,UKK15,Wiltshire CC,UK,0.004392512,>0
100274,ITH52,Parma,IT,0.004321562,>0
140678,UKI71,Barnet,UK,0.004240736,>0
138073,UKH25,Central Bedfordshire,UK,0.004223162,>0
70117,ES521,Alicante / Alacant,ES,0.004208781,>0
93917,ITC48,Pavia,IT,0.004202597,>0
134169,UKF11,Derby,UK,0.0041321,>0
68039,ES412,Burgos,ES,0.004080255,>0
139986,UKI52,Barking & Dagenham and Havering,UK,0.004038224,>0
64316,EL526,Σέρρες (Serres),EL,0.004032258,>0
133941,UKE44,Calderdale and Kirklees,UK,0.004025133,>0
68683,ES418,Valladolid,ES,0.00398805,>0
71634,ES618,Sevilla,ES,0.003955404,>0
143181,UKJ43,Kent Thames Gateway,UK,0.003942817,>0
146642,UKM24,Scottish Borders,UK,0.003940671,>0
69112,ES423,Cuenca,ES,0.003904595,>0
132800,UKD74,Wirral,UK,0.003897358,>0
103974,LT006,Šiaulių apskritis,LT,0.003868302,>0
68580,ES417,Soria,ES,0.00385869,>0
69328,ES425,Toledo,ES,0.003855732,>0
67031,ES212,Gipuzkoa,ES,0.003830687,>0
68895,ES421,Albacete,ES,0.003819449,>0
101879,ITI18,Arezzo,IT,0.003794558,>0
86234,FRA50,Mayotte,FR,0.00379219,>0
61322,DK041,Vestjylland,DK,0.0037423,>0
106007,NL123,Zuidoost-Friesland,NL,0.003721821,>0
67597,ES242,Teruel,ES,0.003663515,>0
68474,ES416,Segovia,ES,0.003629246,>0
139531,UKI43,Haringey and Islington,UK,0.003567424,>0
91659,IE024,South-East (IE),IE,0.00352898,>0
130782,UKD12,East Cumbria,UK,0.003522452,>0
80240,FR522,Finistère,FR,0.003491999,>0
12056,BG313,Враца (Vratsa),BG,0.003486575,>0
65848,EL643,Ευρυτανία (Evrytania),EL,0.003484321,>0
67380,ES230,La Rioja,ES,0.003388906,>0
66916,ES211,Araba/Álava,ES,0.003329172,>0
147896,UKM37,South Ayrshire,UK,0.003325031,>0
107833,NL324,Agglomeratie Haarlem,NL,0.003324235,>0
67147,ES213,Bizkaia,ES,0.003309723,>0
69885,ES513,Lleida,ES,0.003291267,>0
133829,UKE42,Leeds,UK,0.003285492,>0
69999,ES514,Tarragona,ES,0.00319737,>0
121156,RO112,Bistriţa-Năsăud,RO,0.003183098,>0
146206,UKL24,Powys,UK,0.003147083,>0
121994,RO124,Harghita,RO,0.00308415,>0
107722,NL323,IJmond,NL,0.003082914,>0
123417,RO226,Vrancea,RO,0.003076305,>0
133716,UKE41,Bradford,UK,0.003058924,>0
103659,LT003,Klaipėdos apskritis,LT,0.003022722,>0
123318,RO225,Tulcea,RO,0.003011829,>0
123827,RO314,Giurgiu,RO,0.002925772,>0
65019,EL613,"Μαγνησία, Σποράδες (Magnisia, Sporades)",EL,0.002913077,>0
123217,RO224,Galaţi,RO,0.002896537,>0
71305,ES615,Huelva,ES,0.002865503,>0
73538,FI1C3,Päijät-Häme,FI,0.00285697,>0
104273,LT009,Utenos apskritis,LT,0.00282562,>0
125796,SE125,Västmanlands län,SE,0.002757459,>0
106572,NL212,Zuidwest-Overijssel,NL,0.002746601,>0
125561,SE123,Östergötlands län,SE,0.002666379,>0
123535,RO311,Argeş,RO,0.002653497,>0
60661,DK013,Nordsjælland,DK,0.002648152,>0
122312,RO211,Bacău,RO,0.002590533,>0
123110,RO223,Constanţa,RO,0.002577302,>0
104081,LT007,Tauragės apskritis,LT,0.002521135,>0
122715,RO215,Suceava,RO,0.002505348,>0
125203,SE110,Stockholms län,SE,0.002503375,>0
122917,RO221,Brăila,RO,0.002432016,>0
126726,SE232,Västra Götalands län,SE,0.002425208,>0
70963,ES612,Cádiz,ES,0.002422599,>0
126962,SE312,Dalarnas län,SE,0.002380119,>0
68262,ES414,Palencia,ES,0.002333053,>0
126490,SE224,Skåne län,SE,0.002312083,>0
126845,SE311,Värmlands län,SE,0.002272694,>0
103440,LT001,Alytaus apskritis,LT,0.002254339,>0
104175,LT008,Telšių apskritis,LT,0.002185281,>0
126377,SE221,Blekinge län,SE,0.00212341,>0
123734,RO313,Dâmboviţa,RO,0.002108395,>0
104370,LT00A,Vilniaus apskritis,LT,0.001998538,>0
125324,SE121,Uppsala län,SE,0.001938466,>0
66464,ES113,Ourense,ES,0.001846239,>0
74382,FI1D6,Pohjois-Pohjanmaa,FI,0.00183587,>0
74071,FI1D3,Pohjois-Karjala,FI,0.001818182,>0
146417,UKM22,Clackmannanshire and Fife,UK,0.001752269,>0
127078,SE313,Gävleborgs län,SE,0.001722238,>0
124222,RO322,Ilfov,RO,0.001709721,>0
129635,SK041,Prešovský kraj,SK,0.001700953,>0
128951,SK010,Bratislavský kraj,SK,0.001685693,>0
61554,DK050,Nordjylland,DK,0.001679463,>0
127422,SE331,Västerbottens län,SE,0.001629224,>0
73194,FI1B1,Helsinki-Uusimaa,FI,0.001592511,>0
148765,UKM66,Shetland Islands,UK,0.001586773,>0
60868,DK021,Østsjælland,DK,0.001578215,>0
126150,SE213,Kalmar län,SE,0.00157796,>0
125443,SE122,Södermanlands län,SE,0.001557544,>0
105271,MT001,Malta,MT,0.0015281,>0
138635,UKH36,Heart of Essex,UK,0.001523168,>0
126032,SE212,Kronobergs län,SE,0.001504271,>0
125914,SE211,Jönköpings län,SE,0.001491554,>0
62451,EL304,Νότιος Τομέας Αθηνών (Notios Tomeas Athinon),EL,0.001489203,>0
70574,ES531,Eivissa y Formentera,ES,0.001425979,>0
127540,SE332,Norrbottens län,SE,0.001418393,>0
124702,RO415,Vâlcea,RO,0.001359338,>0
61205,DK032,Sydjylland,DK,0.001325026,>0
144817,UKK42,Torbay,UK,0.00129157,>0
123012,RO222,Buzău,RO,0.001251334,>0
61092,DK031,Fyn,DK,0.001162029,>0
143076,UKJ41,Medway,UK,0.001117777,>0
61437,DK042,Østjylland,DK,0.001094571,>0
129063,SK021,Trnavský kraj,SK,0.00106644,>0
63700,EL513,Ροδόπη (Rodopi),EL,0.001035149,>0
65276,EL623,"Ιθάκη, Κεφαλληνία (Ithaki, Kefallinia)",EL,0.00095942,>0
127192,SE321,Västernorrlands län,SE,0.000937296,>0
123923,RO315,Ialomiţa,RO,0.000918555,>0
129174,SK022,Trenčiansky kraj,SK,0.000910733,>0
103769,LT004,Marijampolės apskritis,LT,0.000897848,>0
122413,RO212,Botoşani,RO,0.000850397,>0
104942,LV007,Pierīga,LV,0.000844595,>0
127306,SE322,Jämtlands län,SE,0.00076792,>0
128501,SI041,Osrednjeslovenska,SI,0.000683913,>0
128838,SI044,Obalno-kraška,SI,0.000669447,>0
60980,DK022,Vest- og Sydsjælland,DK,0.000663188,>0
105163,LV009,Zemgale,LV,0.000604469,>0
61667,EE001,Põhja-Eesti,EE,0.000602106,>0
122821,RO216,Vaslui,RO,0.00055682,>0
127980,SI034,Savinjska,SI,0.000535282,>0
104826,LV006,Rīga,LV,0.000513083,>0
73076,FI197,Pirkanmaa,FI,0.000490299,>0
60548,DK012,Københavns omegn,DK,0.000412397,>0
105054,LV008,Vidzeme,LV,0.000397802,>0
60773,DK014,Bornholm,DK,0.00037594,>0
104713,LV005,Latgale,LV,0.000353982,>0
104603,LV003,Kurzeme,LV,0.000350493,>0
72859,FI195,Pohjanmaa,FI,0.000305025,>0
62769,EL411,"Λέσβος, Λήμνος (Lesvos, Limnos)",EL,0.000242954,>0
126264,SE214,Gotlands län,SE,0.000191976,>0
61981,EE007,Kirde-Eesti,EE,0.000186916,>0
65747,EL642,Εύβοια (Evvoia),EL,0.000183352,>0
127881,SI033,Koroška,SI,0.00016292,>0
61883,EE006,Kesk-Eesti,EE,0.000100533,>0
72642,FI193,Keski-Suomi,FI,6.66E-05,>0
62193,EL301,Βόρειος Τομέας Αθηνών (Voreios Tomeas Athinon),EL,0,>0
62280,EL302,Δυτικός Τομέας Αθηνών (Dytikos Tomeas Athinon),EL,0,>0
62530,EL305,Ανατολική Αττική (Anatoliki Attiki),EL,0,>0
62625,EL306,Δυτική Αττική (Dytiki Attiki),EL,0,>0
62690,EL307,"Πειραιάς, Νήσοι (Peiraias, Nisoi)",EL,0,>0
62867,EL412,"Ικαρία, Σάμος (Ikaria, Samos)",EL,0,>0
62940,EL413,Χίος (Chios),EL,0,>0
63261,EL432,Λασίθι (Lasithi),EL,0,>0
63629,EL512,Ξάνθη (Xanthi),EL,0,>0
63937,EL521,Ημαθία (Imathia),EL,0,>0
64100,EL523,Κιλκίς (Kilkis),EL,0,>0
64248,EL525,Πιερία (Pieria),EL,0,>0
64446,EL531,"Γρεβενά, Κοζάνη (Grevena, Kozani)",EL,0,>0
64520,EL532,Καστοριά (Kastoria),EL,0,>0
64581,EL533,Φλώρινα (Florina),EL,0,>0
64656,EL541,"Άρτα, Πρέβεζα (Arta, Preveza)",EL,0,>0
64772,EL543,Ιωάννινα (Ioannina),EL,0,>0
65129,EL621,Ζάκυνθος (Zakynthos),EL,0,>0
65386,EL624,Λευκάδα (Lefkada),EL,0,>0
65672,EL641,Βοιωτία (Voiotia),EL,0,>0
65946,EL645,Φωκίδα (Fokida),EL,0,>0
72750,FI194,Etelä-Pohjanmaa,FI,0,>0
73428,FI1C2,Kanta-Häme,FI,0,>0
73648,FI1C4,Kymenlaakso,FI,0,>0
73757,FI1C5,Etelä-Karjala,FI,0,>0
73862,FI1D1,Etelä-Savo,FI,0,>0
73966,FI1D2,Pohjois-Savo,FI,0,>0
74181,FI1D4,Kainuu,FI,0,>0
74279,FI1D5,Keski-Pohjanmaa,FI,0,>0
128094,SI035,Zasavska,SI,0,>0
128186,SI036,Posavska,SI,0,>0
128293,SI037,Jugovzhodna Slovenija,SI,0,>0
128403,SI038,Primorsko-notranjska,SI,0,>0
128616,SI042,Gorenjska,SI,0,>0
145042,UKL11,Isle of Anglesey,UK,0,>0
148689,UKM65,Orkney Islands,UK,0,>0
